{"cameraMode":{"drawMode":0,"name":"Shaded","section":"Shading Mode"},"sceneLighting":true,"audioPlay":false,"sceneViewState":{"m_AlwaysRefresh":false,"showFog":true,"showSkybox":true,"showFlares":true,"showImageEffects":true,"showParticleSystems":true,"showVisualEffectGraphs":true,"m_FxEnabled":true},"in2DMode":false,"pivot":{"x":-1.4183701276779175,"y":-2.2840209007263185,"z":5.838489532470703},"rotation":{"x":-0.05275776609778404,"y":0.03204691410064697,"z":-0.0016939406050369144,"w":-0.9980909824371338},"size":9.12024974822998,"orthographic":false}